Id,label
0.png,1
1.png,1
2.png,2
3.png,2
4.png,3
5.png,3
6.png,4
7.png,2
8.png,4
9.png,4
10.png,4
11.png,1
12.png,1
13.png,2
14.png,2
15.png,2
16.png,3
17.png,3
18.png,3
19.png,3
20.png,3
21.png,0
22.png,0
23.png,0
24.png,3
25.png,3
26.png,4
27.png,4
28.png,2
29.png,1
30.png,1
31.png,0
32.png,3
33.png,3
34.png,2
35.png,4
36.png,0
37.png,4
38.png,0
39.png,4
40.png,4
41.png,4
42.png,4
43.png,4
44.png,1
45.png,1
46.png,1
47.png,1
48.png,2
49.png,2
50.png,2
51.png,2
52.png,3
53.png,3
54.png,3
55.png,3
56.png,0
57.png,2
58.png,4
59.png,1
60.png,1
61.png,1
62.png,2
63.png,0
64.png,1
65.png,2
66.png,0
67.png,0
68.png,4
69.png,4
70.png,4
71.png,4
72.png,4
73.png,1
74.png,1
75.png,2
76.png,2
77.png,2
78.png,2
79.png,2
80.png,0
81.png,1
82.png,0
83.png,4
84.png,0
85.png,0
86.png,1
87.png,2
88.png,2
89.png,2
90.png,0
91.png,3
92.png,0
93.png,0
94.png,0
95.png,0
96.png,4
97.png,1
98.png,1
99.png,1
100.png,1
101.png,1
102.png,3
103.png,2
104.png,1
105.png,2
106.png,2
107.png,2
108.png,2
109.png,4
110.png,3
111.png,4
112.png,3
113.png,3
114.png,3
115.png,4
116.png,3
117.png,4
118.png,3
119.png,3
120.png,4
121.png,0
122.png,0
123.png,0
124.png,4
125.png,4
126.png,0
127.png,4
128.png,4
129.png,1
130.png,1
131.png,1
132.png,0
133.png,1
134.png,2
135.png,4
136.png,3
137.png,0
138.png,3
139.png,0
140.png,0
141.png,0
142.png,0
143.png,4
144.png,4
145.png,1
146.png,2
147.png,2
148.png,2
149.png,2
150.png,2
151.png,3
152.png,3
153.png,3
154.png,0
155.png,2
156.png,1
157.png,0
158.png,2
159.png,2
160.png,3
161.png,0
162.png,3
163.png,4
164.png,0
165.png,4
166.png,4
167.png,4
168.png,4
169.png,1
170.png,1
171.png,1
172.png,2
173.png,2
174.png,2
175.png,2
176.png,2
177.png,3
178.png,3
179.png,3
180.png,0
181.png,0
182.png,0
183.png,4
184.png,2
185.png,1
186.png,2
187.png,1
188.png,4
189.png,2
190.png,4
191.png,3
192.png,3
193.png,4
194.png,4
195.png,4
196.png,1
197.png,1
198.png,1
199.png,2
200.png,2
201.png,2
202.png,2
203.png,2
204.png,3
205.png,3
206.png,3
207.png,0
208.png,4
209.png,0
210.png,0
211.png,0
212.png,0
213.png,4
214.png,1
215.png,3
216.png,4
217.png,0
218.png,0
219.png,2
220.png,1
221.png,0
222.png,1
223.png,0
224.png,1
225.png,0
226.png,0
227.png,2
228.png,2
229.png,0
230.png,0
231.png,0
232.png,2
233.png,0
234.png,0
235.png,0
236.png,0
237.png,4
238.png,0
239.png,4
240.png,4
241.png,1
242.png,1
243.png,1
244.png,1
245.png,2
246.png,0
247.png,0
248.png,4
249.png,2
250.png,0
251.png,0
252.png,2
253.png,2
254.png,4
255.png,2
256.png,4
257.png,0
258.png,0
259.png,4
260.png,4
261.png,4
262.png,4
263.png,1
264.png,1
265.png,1
266.png,2
267.png,2
268.png,2
269.png,4
270.png,2
271.png,3
272.png,4
273.png,1
274.png,0
275.png,4
276.png,2
277.png,4
278.png,1
279.png,1
280.png,1
281.png,0
282.png,3
283.png,3
284.png,3
285.png,0
286.png,0
287.png,0
288.png,4
289.png,4
290.png,4
291.png,1
292.png,1
293.png,1
294.png,2
295.png,2
296.png,2
297.png,2
298.png,2
299.png,3
300.png,3
301.png,0
302.png,1
303.png,0
304.png,0
305.png,1
306.png,4
307.png,2
308.png,2
309.png,0
310.png,4
311.png,4
312.png,1
313.png,4
314.png,2
315.png,0
316.png,3
317.png,3
318.png,3
319.png,3
320.png,0
321.png,0
322.png,0
323.png,0
324.png,0
325.png,0
326.png,0
327.png,4
328.png,2
329.png,0
330.png,0
331.png,0
332.png,4
333.png,4
334.png,4
335.png,4
336.png,4
337.png,1
338.png,1
339.png,2
340.png,2
341.png,2
342.png,2
343.png,2
344.png,2
345.png,3
346.png,3
347.png,3
348.png,3
349.png,3
350.png,3
351.png,4
352.png,0
353.png,3
354.png,3
355.png,4
356.png,0
357.png,2
358.png,2
359.png,1
360.png,3
361.png,3
362.png,0
363.png,3
364.png,3
365.png,3
366.png,0
367.png,0
368.png,4
369.png,4
370.png,4
371.png,2
372.png,3
373.png,3
374.png,3
375.png,0
376.png,0
377.png,4
378.png,4
379.png,1
380.png,1
381.png,2
382.png,2
383.png,2
384.png,2
385.png,2
386.png,2
387.png,2
388.png,3
389.png,3
390.png,3
391.png,3
392.png,3
393.png,4
394.png,0
395.png,1
396.png,1
397.png,1
398.png,3
399.png,1
400.png,0
401.png,1
402.png,4
403.png,1
404.png,1
405.png,3
406.png,2
407.png,2
408.png,3
409.png,2
410.png,3
411.png,3
412.png,4
413.png,3
414.png,3
415.png,1
416.png,0
417.png,0
418.png,0
419.png,0
420.png,0
421.png,4
422.png,0
423.png,0
424.png,0
425.png,0
426.png,4
427.png,4
428.png,0
429.png,0
430.png,0
431.png,0
432.png,4
433.png,4
434.png,4
435.png,4
436.png,4
437.png,1
438.png,2
439.png,2
440.png,2
441.png,3
442.png,3
443.png,3
444.png,3
445.png,0
446.png,3
447.png,0
448.png,4
449.png,1
450.png,4
451.png,4
452.png,4
453.png,2
454.png,4
455.png,4
456.png,2
457.png,0
458.png,0
459.png,3
460.png,3
461.png,0
462.png,0
463.png,0
464.png,0
465.png,0
466.png,0
467.png,4
468.png,4
469.png,4
470.png,4
471.png,1
472.png,0
473.png,1
474.png,1
475.png,1
476.png,2
477.png,2
478.png,2
479.png,2
480.png,2
481.png,3
482.png,3
483.png,3
484.png,3
485.png,3
486.png,0
487.png,0
488.png,3
489.png,0
490.png,0
491.png,0
492.png,0
493.png,0
494.png,4
495.png,3
496.png,4
497.png,1
498.png,4
499.png,4
500.png,1
501.png,0
502.png,2
503.png,2
504.png,0
505.png,3
506.png,0
507.png,0
508.png,0
509.png,0
510.png,4
511.png,4
512.png,4
513.png,1
514.png,1
515.png,2
516.png,2
517.png,2
518.png,2
519.png,3
520.png,3
521.png,3
522.png,3
523.png,0
524.png,0
525.png,0
526.png,0
527.png,0
528.png,0
529.png,4
530.png,3
531.png,1
532.png,4
533.png,4
534.png,3
535.png,0
536.png,0
537.png,0
538.png,0
539.png,1
540.png,0
541.png,1
542.png,0
543.png,4
544.png,4
545.png,4
546.png,4
547.png,1
548.png,1
549.png,1
550.png,1
551.png,1
552.png,1
553.png,1
554.png,2
555.png,2
556.png,2
557.png,3
558.png,3
559.png,3
560.png,3
561.png,0
562.png,1
563.png,2
564.png,2
565.png,2
566.png,1
567.png,4
568.png,1
569.png,2
570.png,2
571.png,3
572.png,3
573.png,2
574.png,4
575.png,4
576.png,1
577.png,1
578.png,2
579.png,1
580.png,2
581.png,2
582.png,2
583.png,2
584.png,2
585.png,3
586.png,2
587.png,0
588.png,0
589.png,0
590.png,0
591.png,0
592.png,0
593.png,0
594.png,3
595.png,3
596.png,1
597.png,1
598.png,2
599.png,3
600.png,3
601.png,0
602.png,0
603.png,0
604.png,0
605.png,4
606.png,1
607.png,1
608.png,1
609.png,1
610.png,2
611.png,2
612.png,2
613.png,3
614.png,3
615.png,3
616.png,0
617.png,0
618.png,0
619.png,0
620.png,0
621.png,0
622.png,1
623.png,2
624.png,3
625.png,0
626.png,0
627.png,1
628.png,1
629.png,0
630.png,3
631.png,4
632.png,0
633.png,4
634.png,3
635.png,4
636.png,1
637.png,1
638.png,2
639.png,2
640.png,2
641.png,2
642.png,3
643.png,3
644.png,3
645.png,0
646.png,4
647.png,0
648.png,1
649.png,1
650.png,0
651.png,1
652.png,2
653.png,4
654.png,0
655.png,0
656.png,0
657.png,4
658.png,3
659.png,0
660.png,0
661.png,0
662.png,0
663.png,4
664.png,4
665.png,1
666.png,0
667.png,2
668.png,3
669.png,3
670.png,3
671.png,3
672.png,0
673.png,4
674.png,1
675.png,3
676.png,4
677.png,3
678.png,0
679.png,0
680.png,4
681.png,4
682.png,4
683.png,4
684.png,4
685.png,1
686.png,1
687.png,2
688.png,2
689.png,3
690.png,3
691.png,3
692.png,3
693.png,0
694.png,0
695.png,0
696.png,0
697.png,0
698.png,0
699.png,0
700.png,0
701.png,0
702.png,1
703.png,1
704.png,0
705.png,2
706.png,2
707.png,1
708.png,0
709.png,0
710.png,0
711.png,0
712.png,4
713.png,4
714.png,4
715.png,1
716.png,1
717.png,1
718.png,2
719.png,2
720.png,2
721.png,2
722.png,2
723.png,3
724.png,3
725.png,3
726.png,3
727.png,0
728.png,0
729.png,0
730.png,4
731.png,4
732.png,4
733.png,4
734.png,1
735.png,3
736.png,2
737.png,4
738.png,2
739.png,0
740.png,3
741.png,4
742.png,3
743.png,1
744.png,4
745.png,4
746.png,4
747.png,4
748.png,1
749.png,2
750.png,2
751.png,2
752.png,3
753.png,3
754.png,0
755.png,0
756.png,0
757.png,4
758.png,4
759.png,2
760.png,3
761.png,4
762.png,1
763.png,2
764.png,2
765.png,2
766.png,2
767.png,2
768.png,4
769.png,0
770.png,3
771.png,0
772.png,3
773.png,2
774.png,0
775.png,0
776.png,0
777.png,0
778.png,0
779.png,0
780.png,0
781.png,4
782.png,4
783.png,2
784.png,3
785.png,0
786.png,3
787.png,4
788.png,4
789.png,4
790.png,0
791.png,1
792.png,1
793.png,1
794.png,1
795.png,2
796.png,4
797.png,0
798.png,3
799.png,0
800.png,4
801.png,0
802.png,0
803.png,1
804.png,2
805.png,2
806.png,2
807.png,3
808.png,2
809.png,3
810.png,3
811.png,3
812.png,3
813.png,4
814.png,3
815.png,0
816.png,1
817.png,1
818.png,4
819.png,3
820.png,4
821.png,1
822.png,4
823.png,3
824.png,2
825.png,1
826.png,2
827.png,3
828.png,4
829.png,0
830.png,3
831.png,3
832.png,4
833.png,4
834.png,1
835.png,1
836.png,1
837.png,2
838.png,0
839.png,2
840.png,2
841.png,2
842.png,2
843.png,3
844.png,3
845.png,3
846.png,0
847.png,0
848.png,0
849.png,0
850.png,0
851.png,0
852.png,2
853.png,4
854.png,1
855.png,1
856.png,1
857.png,1
858.png,4
859.png,4
860.png,2
861.png,1
862.png,4
863.png,0
864.png,0
865.png,0
866.png,0
867.png,0
868.png,0
869.png,0
870.png,4
871.png,4
872.png,4
873.png,4
874.png,4
875.png,1
876.png,1
877.png,1
878.png,1
879.png,2
880.png,3
881.png,3
882.png,3
883.png,3
884.png,4
885.png,0
886.png,4
887.png,0
888.png,4
889.png,4
890.png,4
891.png,3
892.png,4
893.png,0
894.png,2
895.png,1
896.png,0
897.png,2
898.png,0
899.png,0
900.png,0
901.png,4
902.png,4
903.png,4
904.png,4
905.png,4
906.png,1
907.png,1
908.png,1
909.png,2
910.png,2
911.png,2
912.png,3
913.png,3
914.png,0
915.png,0
916.png,0
917.png,1
918.png,3
919.png,4
920.png,4
921.png,4
922.png,1
923.png,0
924.png,0
925.png,3
926.png,2
927.png,3
928.png,0
929.png,4
930.png,4
931.png,4
932.png,4
933.png,4
934.png,4
935.png,0
936.png,1
937.png,1
938.png,1
939.png,2
940.png,1
941.png,2
942.png,0
943.png,2
944.png,2
945.png,3
946.png,3
947.png,3
948.png,3
949.png,3
950.png,3
951.png,0
952.png,0
953.png,0
954.png,3
955.png,0
956.png,3
957.png,4
958.png,1
959.png,1
960.png,4
961.png,2
962.png,1
963.png,4
964.png,3
965.png,1
966.png,0
967.png,4
968.png,4
969.png,1
970.png,1
971.png,1
972.png,3
973.png,4
974.png,0
975.png,0
976.png,4
977.png,1
978.png,4
979.png,1
980.png,1
981.png,4
982.png,4
983.png,1
984.png,2
985.png,1
986.png,1
987.png,4
988.png,0
989.png,1
990.png,1
991.png,0
992.png,1
993.png,1
994.png,1
995.png,4
996.png,4
997.png,4
998.png,3
999.png,0
1000.png,4
1001.png,4
1002.png,0
1003.png,1
1004.png,0
1005.png,4
1006.png,4
1007.png,4
1008.png,4
1009.png,3
1010.png,4
1011.png,1
1012.png,1
1013.png,1
1014.png,2
1015.png,2
1016.png,2
1017.png,2
1018.png,2
1019.png,2
1020.png,2
1021.png,2
1022.png,3
1023.png,0
1024.png,0
1025.png,3
1026.png,3
1027.png,0
1028.png,1
1029.png,1
1030.png,1
1031.png,2
1032.png,2
1033.png,4
1034.png,3
1035.png,3
1036.png,3
1037.png,0
1038.png,0
1039.png,0
1040.png,0
1041.png,0
1042.png,0
1043.png,4
1044.png,4
1045.png,4
1046.png,1
1047.png,1
1048.png,1
1049.png,1
1050.png,1
1051.png,1
1052.png,3
1053.png,3
1054.png,0
1055.png,0
1056.png,4
1057.png,0
1058.png,0
1059.png,2
1060.png,2
1061.png,2
1062.png,1
1063.png,3
1064.png,0
1065.png,3
1066.png,4
1067.png,4
1068.png,1
1069.png,1
1070.png,1
1071.png,1
1072.png,1
1073.png,2
1074.png,2
1075.png,4
1076.png,0
1077.png,3
1078.png,0
1079.png,0
1080.png,0
1081.png,4
1082.png,0
1083.png,4
1084.png,4
1085.png,4
1086.png,4
1087.png,0
1088.png,0
1089.png,1
1090.png,2
1091.png,2
1092.png,0
1093.png,4
1094.png,3
1095.png,3
1096.png,0
1097.png,1
1098.png,0
1099.png,1
1100.png,0
1101.png,0
1102.png,4
1103.png,4
1104.png,4
1105.png,1
1106.png,2
1107.png,2
1108.png,3
1109.png,3
1110.png,3
1111.png,0
1112.png,4
1113.png,2
1114.png,0
1115.png,4
1116.png,4
1117.png,2
1118.png,1
1119.png,2
1120.png,1
1121.png,2
1122.png,4
1123.png,3
1124.png,4
1125.png,0
1126.png,0
1127.png,1
1128.png,4
1129.png,1
1130.png,1
1131.png,2
1132.png,1
1133.png,3
1134.png,3
1135.png,3
1136.png,4
1137.png,0
1138.png,0
1139.png,3
1140.png,3
1141.png,1
1142.png,0
1143.png,4
1144.png,1
1145.png,4
1146.png,2
1147.png,2
1148.png,3
1149.png,0
1150.png,0
1151.png,0
1152.png,4
1153.png,4
1154.png,1
1155.png,1
1156.png,2
1157.png,2
1158.png,2
1159.png,3
1160.png,0
1161.png,0
1162.png,0
1163.png,0
1164.png,0
1165.png,2
1166.png,0
1167.png,3
1168.png,3
1169.png,0
1170.png,4
1171.png,4
1172.png,1
1173.png,0
1174.png,4
1175.png,1
1176.png,1
1177.png,1
1178.png,1
1179.png,1
1180.png,2
1181.png,2
1182.png,3
1183.png,3
1184.png,4
1185.png,3
1186.png,1
1187.png,4
1188.png,0
1189.png,0
1190.png,0
1191.png,0
1192.png,4
1193.png,0
1194.png,0
1195.png,0
1196.png,4
1197.png,1
1198.png,0
1199.png,0
1200.png,0
1201.png,2
1202.png,4
1203.png,4
1204.png,3
1205.png,3
1206.png,3
1207.png,0
1208.png,4
1209.png,4
1210.png,1
1211.png,1
1212.png,1
1213.png,1
1214.png,2
1215.png,2
1216.png,2
1217.png,3
1218.png,3
1219.png,0
1220.png,0
1221.png,0
1222.png,1
1223.png,1
1224.png,2
1225.png,1
1226.png,1
1227.png,1
1228.png,2
1229.png,2
1230.png,3
1231.png,2
1232.png,3
1233.png,4
1234.png,1
1235.png,0
1236.png,0
1237.png,0
1238.png,0
1239.png,0
1240.png,0
1241.png,4
1242.png,4
1243.png,4
1244.png,4
1245.png,4
1246.png,1
1247.png,1
1248.png,2
1249.png,2
1250.png,2
1251.png,2
1252.png,2
1253.png,2
1254.png,3
1255.png,3
1256.png,0
1257.png,4
1258.png,4
1259.png,4
1260.png,0
1261.png,1
1262.png,0
1263.png,2
1264.png,4
1265.png,3
1266.png,3
1267.png,4
1268.png,4
1269.png,0
1270.png,0
1271.png,4
1272.png,4
1273.png,4
1274.png,4
1275.png,4
1276.png,1
1277.png,1
1278.png,2
1279.png,2
1280.png,2
1281.png,2
1282.png,2
1283.png,2
1284.png,3
1285.png,0
1286.png,0
1287.png,1
1288.png,2
1289.png,4
1290.png,1
1291.png,0
1292.png,1
1293.png,0
1294.png,2
1295.png,0
1296.png,0
1297.png,1
1298.png,0
1299.png,2
1300.png,0
1301.png,0
1302.png,3
1303.png,0
1304.png,0
1305.png,4
1306.png,0
1307.png,0
1308.png,4
1309.png,0
1310.png,0
1311.png,4
1312.png,1
1313.png,1
1314.png,1
1315.png,2
1316.png,2
1317.png,2
1318.png,4
1319.png,4
1320.png,3
1321.png,0
1322.png,3
1323.png,4
1324.png,3
1325.png,1
1326.png,2
1327.png,2
1328.png,2
1329.png,2
1330.png,2
1331.png,3
1332.png,4
1333.png,1
1334.png,3
1335.png,1
1336.png,4
1337.png,4
1338.png,4
1339.png,4
1340.png,1
1341.png,1
1342.png,1
1343.png,1
1344.png,1
1345.png,2
1346.png,2
1347.png,2
1348.png,2
1349.png,3
1350.png,3
1351.png,0
1352.png,3
1353.png,1
1354.png,0
1355.png,4
1356.png,4
1357.png,0
1358.png,2
1359.png,4
1360.png,4
1361.png,4
1362.png,3
1363.png,1
1364.png,0
1365.png,0
1366.png,0
1367.png,4
1368.png,4
1369.png,1
1370.png,1
1371.png,2
1372.png,2
1373.png,3
1374.png,3
1375.png,2
1376.png,3
1377.png,0
1378.png,0
1379.png,3
1380.png,4
1381.png,4
1382.png,0
1383.png,1
1384.png,1
1385.png,0
1386.png,3
1387.png,1
1388.png,0
1389.png,1
1390.png,0
1391.png,0
1392.png,2
1393.png,0
1394.png,4
1395.png,4
1396.png,4
1397.png,4
1398.png,1
1399.png,1
1400.png,2
1401.png,2
1402.png,2
1403.png,2
1404.png,2
1405.png,2
1406.png,3
1407.png,3
1408.png,3
1409.png,3
1410.png,3
1411.png,0
1412.png,0
1413.png,0
1414.png,2
1415.png,4
1416.png,4
1417.png,4
1418.png,4
1419.png,2
1420.png,3
1421.png,3
1422.png,1
1423.png,0
1424.png,0
1425.png,0
1426.png,4
1427.png,4
1428.png,1
1429.png,1
1430.png,1
1431.png,1
1432.png,2
1433.png,2
1434.png,2
1435.png,2
1436.png,3
1437.png,3
1438.png,3
1439.png,0
1440.png,4
1441.png,4
1442.png,3
1443.png,1
1444.png,1
1445.png,4
1446.png,3
1447.png,3
1448.png,0
1449.png,0
1450.png,4
1451.png,4
1452.png,4
1453.png,4
1454.png,1
1455.png,1
1456.png,1
1457.png,1
1458.png,1
1459.png,2
1460.png,2
1461.png,2
1462.png,2
1463.png,3
1464.png,3
1465.png,3
1466.png,0
1467.png,4
1468.png,1
1469.png,0
1470.png,2
1471.png,2
1472.png,4
1473.png,4
1474.png,4
1475.png,2
1476.png,3
1477.png,0
1478.png,0
1479.png,3
1480.png,4
1481.png,3
1482.png,4
1483.png,4
1484.png,3
1485.png,3
1486.png,4
1487.png,2
1488.png,2
1489.png,2
1490.png,1
1491.png,0
1492.png,3
1493.png,3
1494.png,3
1495.png,0
1496.png,4
1497.png,4
1498.png,1
1499.png,4
1500.png,1
1501.png,0
1502.png,2
1503.png,2
1504.png,2
1505.png,2
1506.png,3
1507.png,3
1508.png,3
1509.png,0
1510.png,0
1511.png,0
1512.png,0
1513.png,0
1514.png,0
1515.png,4
1516.png,3
1517.png,2
1518.png,2
1519.png,0
1520.png,0
1521.png,0
1522.png,1
1523.png,0
1524.png,0
1525.png,0
1526.png,0
1527.png,0
1528.png,0
1529.png,4
1530.png,1
1531.png,1
1532.png,1
1533.png,1
1534.png,1
1535.png,1
1536.png,2
1537.png,1
1538.png,2
1539.png,3
1540.png,3
1541.png,0
1542.png,4
1543.png,2
1544.png,4
1545.png,0
1546.png,1
1547.png,2
1548.png,2
1549.png,2
1550.png,1
1551.png,0
1552.png,3
1553.png,4
1554.png,0
1555.png,0
1556.png,0
1557.png,0
1558.png,0
1559.png,4
1560.png,4
1561.png,4
1562.png,4
1563.png,4
1564.png,1
1565.png,1
1566.png,1
1567.png,1
1568.png,1
1569.png,1
1570.png,1
1571.png,2
1572.png,2
1573.png,2
1574.png,2
1575.png,2
1576.png,3
1577.png,3
1578.png,3
1579.png,3
1580.png,0
1581.png,0
1582.png,0
1583.png,0
1584.png,4
1585.png,2
1586.png,0
1587.png,3
1588.png,2
1589.png,4
1590.png,1
1591.png,0
1592.png,0
1593.png,4
1594.png,4
1595.png,4
1596.png,4
1597.png,1
1598.png,1
1599.png,1
1600.png,2
1601.png,2
1602.png,3
1603.png,3
1604.png,0
1605.png,0
1606.png,0
1607.png,0
1608.png,4
1609.png,4
1610.png,0
1611.png,1
1612.png,1
1613.png,4
1614.png,1
1615.png,2
1616.png,2
1617.png,3
1618.png,1
1619.png,0
1620.png,3
1621.png,1
1622.png,0
1623.png,4
1624.png,0
1625.png,0
1626.png,0
1627.png,0
1628.png,1
1629.png,1
1630.png,1
1631.png,1
1632.png,2
1633.png,2
1634.png,0
1635.png,0
1636.png,1
1637.png,2
1638.png,4
1639.png,4
1640.png,4
1641.png,0
1642.png,0
1643.png,4
1644.png,4
1645.png,4
1646.png,4
1647.png,1
1648.png,1
1649.png,1
1650.png,1
1651.png,2
1652.png,2
1653.png,3
1654.png,3
1655.png,3
1656.png,4
1657.png,0
1658.png,0
1659.png,0
1660.png,4
1661.png,0
1662.png,0
1663.png,1
1664.png,0
1665.png,1
1666.png,0
1667.png,1
1668.png,1
1669.png,2
1670.png,2
1671.png,0
1672.png,0
1673.png,0
1674.png,0
1675.png,0
1676.png,0
1677.png,0
1678.png,0
1679.png,0
1680.png,0
1681.png,0
1682.png,0
1683.png,0
1684.png,0
1685.png,0
1686.png,0
1687.png,0
1688.png,0
1689.png,0
1690.png,0
1691.png,4
1692.png,4
1693.png,4
1694.png,4
1695.png,0
1696.png,4
1697.png,4
1698.png,1
1699.png,1
1700.png,1
1701.png,1
1702.png,1
1703.png,1
1704.png,1
1705.png,1
1706.png,1
1707.png,1
1708.png,2
1709.png,2
1710.png,2
1711.png,3
1712.png,3
1713.png,3
1714.png,3
1715.png,3
1716.png,3
1717.png,3
1718.png,3
1719.png,0
1720.png,0
1721.png,0
1722.png,0
1723.png,0
1724.png,0
1725.png,4
1726.png,4
1727.png,0
1728.png,4
1729.png,2
1730.png,2
1731.png,0
1732.png,3
1733.png,3
1734.png,3
1735.png,0
1736.png,4
1737.png,0
1738.png,0
1739.png,0
1740.png,0
1741.png,0
1742.png,0
1743.png,2
1744.png,4
1745.png,1
1746.png,1
1747.png,1
1748.png,3
1749.png,4
1750.png,3
1751.png,4
1752.png,0
1753.png,0
1754.png,0
1755.png,0
1756.png,0
1757.png,0
1758.png,0
1759.png,0
1760.png,0
1761.png,4
1762.png,4
1763.png,4
1764.png,4
1765.png,4
1766.png,4
1767.png,4
1768.png,4
1769.png,4
1770.png,4
1771.png,4
1772.png,1
1773.png,1
1774.png,1
1775.png,1
1776.png,1
1777.png,1
1778.png,1
1779.png,1
1780.png,1
1781.png,2
1782.png,2
1783.png,2
1784.png,2
1785.png,2
1786.png,2
1787.png,2
1788.png,3
1789.png,3
1790.png,3
1791.png,3
1792.png,3
1793.png,3
1794.png,3
1795.png,4
1796.png,0
1797.png,0
1798.png,0
1799.png,4
1800.png,4
1801.png,1
1802.png,2
1803.png,4
1804.png,4
1805.png,1
1806.png,4
1807.png,0
1808.png,0
1809.png,0
1810.png,0
1811.png,0
1812.png,0
1813.png,0
1814.png,0
1815.png,1
1816.png,4
1817.png,4
1818.png,4
1819.png,4
1820.png,4
1821.png,4
1822.png,4
1823.png,4
1824.png,4
1825.png,4
1826.png,1
1827.png,1
1828.png,1
1829.png,1
1830.png,1
1831.png,1
1832.png,1
1833.png,1
1834.png,1
1835.png,1
1836.png,1
1837.png,2
1838.png,2
1839.png,0
1840.png,3
1841.png,3
1842.png,3
1843.png,2
1844.png,3
1845.png,3
1846.png,3
1847.png,3
1848.png,3
1849.png,3
1850.png,0
1851.png,4
1852.png,3
1853.png,4
1854.png,0
1855.png,1
1856.png,4
1857.png,4
1858.png,0
1859.png,3
1860.png,4
1861.png,0
1862.png,1
1863.png,0
1864.png,0
1865.png,0
1866.png,0
1867.png,0
1868.png,0
1869.png,0
1870.png,0
1871.png,0
1872.png,0
1873.png,4
1874.png,4
1875.png,4
1876.png,4
1877.png,4
1878.png,4
1879.png,4
1880.png,4
1881.png,4
1882.png,1
1883.png,1
1884.png,1
1885.png,1
1886.png,0
1887.png,1
1888.png,1
1889.png,2
1890.png,2
1891.png,2
1892.png,2
1893.png,2
1894.png,2
1895.png,2
1896.png,2
1897.png,3
1898.png,2
1899.png,2
1900.png,2
1901.png,2
1902.png,3
1903.png,3
1904.png,3
1905.png,3
1906.png,3
1907.png,3
1908.png,3
1909.png,3
1910.png,0
1911.png,0
1912.png,0
1913.png,0
1914.png,0
1915.png,0
1916.png,3
1917.png,1
1918.png,2
1919.png,2
1920.png,0
1921.png,0
1922.png,0
1923.png,0
1924.png,0
1925.png,3
1926.png,0
1927.png,0
1928.png,0
1929.png,4
1930.png,4
1931.png,4
1932.png,4
1933.png,4
1934.png,4
1935.png,4
1936.png,4
1937.png,4
1938.png,4
1939.png,1
1940.png,1
1941.png,0
1942.png,1
1943.png,1
1944.png,1
1945.png,1
1946.png,1
1947.png,1
1948.png,1
1949.png,1
1950.png,2
1951.png,2
1952.png,2
1953.png,2
1954.png,2
1955.png,2
1956.png,2
1957.png,2
1958.png,3
1959.png,3
1960.png,3
1961.png,3
1962.png,3
1963.png,3
1964.png,3
1965.png,3
1966.png,3
1967.png,3
1968.png,3
1969.png,0
1970.png,0
1971.png,0
1972.png,4
1973.png,1
1974.png,4
1975.png,2
1976.png,2
1977.png,2
1978.png,3
1979.png,0
1980.png,3
1981.png,4
1982.png,3
1983.png,4
1984.png,3
1985.png,3
1986.png,1
1987.png,3
1988.png,0
1989.png,0
1990.png,0
1991.png,1
1992.png,0
1993.png,0
1994.png,2
1995.png,4
1996.png,4
1997.png,4
1998.png,4
1999.png,4
2000.png,4
2001.png,4
2002.png,4
2003.png,4
2004.png,1
2005.png,1
2006.png,1
2007.png,1
2008.png,1
2009.png,1
2010.png,1
2011.png,1
2012.png,1
2013.png,1
2014.png,1
2015.png,2
2016.png,2
2017.png,2
2018.png,2
2019.png,2
2020.png,2
2021.png,2
2022.png,2
2023.png,2
2024.png,2
2025.png,2
2026.png,3
2027.png,3
2028.png,3
2029.png,3
2030.png,3
2031.png,3
2032.png,3
2033.png,3
2034.png,3
2035.png,3
2036.png,3
2037.png,0
2038.png,0
2039.png,0
2040.png,2
2041.png,3
2042.png,1
2043.png,1
2044.png,1
2045.png,1
2046.png,2
2047.png,2
2048.png,3
2049.png,2
2050.png,1
2051.png,2
2052.png,4
2053.png,3
2054.png,0
2055.png,0
2056.png,0
2057.png,0
2058.png,0
2059.png,0
2060.png,0
2061.png,0
2062.png,4
2063.png,4
2064.png,4
2065.png,4
2066.png,4
2067.png,4
2068.png,4
2069.png,3
2070.png,4
2071.png,4
2072.png,0
2073.png,1
2074.png,1
2075.png,1
2076.png,1
2077.png,1
2078.png,1
2079.png,1
2080.png,1
2081.png,1
2082.png,0
2083.png,2
2084.png,3
2085.png,3
2086.png,3
2087.png,3
2088.png,3
2089.png,2
2090.png,3
2091.png,3
2092.png,3
2093.png,3
2094.png,3
2095.png,3
2096.png,3
2097.png,3
2098.png,3
2099.png,3
2100.png,0
2101.png,0
2102.png,4
2103.png,0
2104.png,1
2105.png,0
2106.png,1
2107.png,3
2108.png,3
2109.png,2
2110.png,3
2111.png,3
2112.png,4
2113.png,0
2114.png,0
2115.png,0
2116.png,0
2117.png,0
2118.png,4
2119.png,0
2120.png,1
2121.png,0
2122.png,0
2123.png,4
2124.png,0
2125.png,4
2126.png,4
2127.png,0
2128.png,4
2129.png,4
2130.png,4
2131.png,0
2132.png,4
2133.png,4
2134.png,1
2135.png,1
2136.png,1
2137.png,1
2138.png,1
2139.png,1
2140.png,1
2141.png,1
2142.png,1
2143.png,1
2144.png,1
2145.png,2
2146.png,3
2147.png,3
2148.png,1
2149.png,3
2150.png,3
2151.png,3
2152.png,3
2153.png,3
2154.png,3
2155.png,3
2156.png,3
2157.png,3
2158.png,3
2159.png,3
2160.png,3
2161.png,3
2162.png,4
2163.png,3
2164.png,0
2165.png,2
2166.png,3
2167.png,1
2168.png,2
2169.png,4
2170.png,0
2171.png,4
2172.png,2
2173.png,0
2174.png,2
2175.png,3
2176.png,4
2177.png,0
2178.png,4
2179.png,0
2180.png,0
2181.png,0
2182.png,0
2183.png,0
2184.png,0
2185.png,0
2186.png,0
2187.png,0
2188.png,4
2189.png,4
2190.png,4
2191.png,4
2192.png,4
2193.png,4
2194.png,4
2195.png,4
2196.png,1
2197.png,0
2198.png,0
2199.png,1
2200.png,1
2201.png,1
2202.png,1
2203.png,1
2204.png,1
2205.png,1
2206.png,1
2207.png,1
2208.png,1
2209.png,2
2210.png,2
2211.png,2
2212.png,4
2213.png,2
2214.png,2
2215.png,2
2216.png,2
2217.png,2
2218.png,3
2219.png,3
2220.png,3
2221.png,3
2222.png,3
2223.png,3
2224.png,3
2225.png,3
2226.png,3
2227.png,3
2228.png,0
2229.png,0
2230.png,0
2231.png,0
2232.png,0
2233.png,0
2234.png,1
2235.png,4
2236.png,0
2237.png,1
2238.png,2
2239.png,0
2240.png,4
2241.png,1
2242.png,1
2243.png,0
2244.png,0
2245.png,0
2246.png,0
2247.png,0
2248.png,0
2249.png,0
2250.png,0
2251.png,1
2252.png,0
2253.png,0
2254.png,4
2255.png,4
2256.png,4
2257.png,4
2258.png,4
2259.png,3
2260.png,4
2261.png,4
2262.png,4
2263.png,4
2264.png,4
2265.png,1
2266.png,1
2267.png,1
2268.png,1
2269.png,1
2270.png,1
2271.png,1
2272.png,1
2273.png,3
2274.png,2
2275.png,2
2276.png,2
2277.png,2
2278.png,4
2279.png,2
2280.png,2
2281.png,3
2282.png,3
2283.png,3
2284.png,3
2285.png,3
2286.png,4
2287.png,4
2288.png,1
2289.png,1
2290.png,1
2291.png,0
2292.png,0
2293.png,1
2294.png,3
2295.png,0
2296.png,0
2297.png,3
2298.png,0
2299.png,0
2300.png,1
2301.png,0
2302.png,0
2303.png,0
2304.png,0
2305.png,0
2306.png,0
2307.png,0
2308.png,0
2309.png,0
2310.png,0
2311.png,0
2312.png,4
2313.png,4
2314.png,4
2315.png,4
2316.png,4
2317.png,4
2318.png,4
2319.png,1
2320.png,1
2321.png,1
2322.png,1
2323.png,1
2324.png,1
2325.png,1
2326.png,1
2327.png,1
2328.png,2
2329.png,2
2330.png,2
2331.png,2
2332.png,2
2333.png,2
2334.png,2
2335.png,2
2336.png,2
2337.png,2
2338.png,2
2339.png,3
2340.png,3
2341.png,3
2342.png,3
2343.png,3
2344.png,3
2345.png,3
2346.png,3
2347.png,3
2348.png,3
2349.png,2
2350.png,2
2351.png,2
2352.png,0
2353.png,0
2354.png,4
2355.png,0
2356.png,4
2357.png,4
2358.png,4
2359.png,4
2360.png,4
2361.png,4
2362.png,4
2363.png,4
2364.png,4
2365.png,4
2366.png,4
2367.png,4
2368.png,4
2369.png,1
2370.png,1
2371.png,1
2372.png,1
2373.png,1
2374.png,1
2375.png,1
2376.png,1
2377.png,2
2378.png,2
2379.png,2
2380.png,2
2381.png,2
2382.png,2
2383.png,2
2384.png,2
2385.png,2
2386.png,2
2387.png,2
2388.png,2
2389.png,2
2390.png,3
2391.png,3
2392.png,3
2393.png,3
2394.png,3
2395.png,3
2396.png,3
2397.png,3
2398.png,3
2399.png,3
2400.png,0
2401.png,0
2402.png,0
2403.png,0
2404.png,0
2405.png,0
2406.png,0
2407.png,0
2408.png,0
2409.png,4
2410.png,3
2411.png,4
2412.png,4
2413.png,4
2414.png,4
2415.png,3
2416.png,4
2417.png,4
2418.png,1
2419.png,1
2420.png,1
2421.png,1
2422.png,1
2423.png,1
2424.png,1
2425.png,1
2426.png,1
2427.png,1
2428.png,1
2429.png,2
2430.png,2
2431.png,2
2432.png,2
2433.png,2
2434.png,2
2435.png,2
2436.png,2
2437.png,2
2438.png,2
2439.png,2
2440.png,3
2441.png,3
2442.png,3
2443.png,3
2444.png,3
2445.png,3
2446.png,3
2447.png,3
2448.png,3
2449.png,3
2450.png,3
2451.png,0
2452.png,0
2453.png,0
2454.png,0
2455.png,0
2456.png,0
2457.png,0
2458.png,4
2459.png,4
2460.png,4
2461.png,4
2462.png,1
2463.png,1
2464.png,1
2465.png,1
2466.png,1
2467.png,1
2468.png,1
2469.png,1
2470.png,1
2471.png,1
2472.png,1
2473.png,2
2474.png,2
2475.png,2
2476.png,2
2477.png,1
2478.png,2
2479.png,2
2480.png,2
2481.png,3
2482.png,3
2483.png,3
2484.png,3
2485.png,3
2486.png,3
2487.png,3
2488.png,0
2489.png,0
2490.png,0
2491.png,0
2492.png,4
2493.png,4
2494.png,4
2495.png,4
2496.png,4
2497.png,4
2498.png,4
2499.png,4
2500.png,4
2501.png,4
2502.png,4
2503.png,4
2504.png,4
2505.png,4
2506.png,4
2507.png,1
2508.png,1
2509.png,1
2510.png,1
2511.png,1
2512.png,1
2513.png,1
2514.png,1
2515.png,1
2516.png,1
2517.png,1
2518.png,4
2519.png,2
2520.png,2
2521.png,2
2522.png,2
2523.png,2
2524.png,2
2525.png,3
2526.png,2
2527.png,2
2528.png,3
2529.png,3
2530.png,4
2531.png,3
2532.png,3
2533.png,4
2534.png,3
2535.png,3
2536.png,3
2537.png,3
2538.png,3
2539.png,0
2540.png,0
2541.png,0
2542.png,0
2543.png,0
2544.png,0
2545.png,0
2546.png,0
2547.png,0
2548.png,0
2549.png,0
2550.png,2
2551.png,0
2552.png,2
2553.png,4
2554.png,4
2555.png,4
2556.png,4
2557.png,4
2558.png,4
2559.png,4
2560.png,4
2561.png,4
2562.png,4
2563.png,4
2564.png,1
2565.png,1
2566.png,1
2567.png,1
2568.png,1
2569.png,1
2570.png,1
2571.png,1
2572.png,1
2573.png,1
2574.png,1
2575.png,1
2576.png,1
2577.png,1
2578.png,1
2579.png,2
2580.png,2
2581.png,2
2582.png,2
2583.png,2
2584.png,2
2585.png,0
2586.png,2
2587.png,3
2588.png,3
2589.png,3
2590.png,3
2591.png,2
2592.png,2
2593.png,3
2594.png,3
2595.png,1
2596.png,0
2597.png,3
2598.png,4
2599.png,0
2600.png,0
2601.png,0
2602.png,0
2603.png,0
2604.png,0
2605.png,4
2606.png,3
2607.png,4
2608.png,4
2609.png,4
2610.png,4
2611.png,4
2612.png,4
2613.png,4
2614.png,4
2615.png,4
2616.png,1
2617.png,1
2618.png,1
2619.png,1
2620.png,1
2621.png,1
2622.png,1
2623.png,1
2624.png,2
2625.png,3
2626.png,3
2627.png,2
2628.png,3
2629.png,3
2630.png,3
2631.png,3
2632.png,3
2633.png,3
2634.png,3
2635.png,3
2636.png,3
2637.png,3
2638.png,4
2639.png,3
2640.png,0
2641.png,0
2642.png,0
2643.png,0
2644.png,0
2645.png,0
2646.png,0
2647.png,0
2648.png,4
2649.png,4
2650.png,4
2651.png,4
2652.png,4
2653.png,4
2654.png,4
2655.png,4
2656.png,4
2657.png,4
2658.png,4
2659.png,1
2660.png,1
2661.png,1
2662.png,1
2663.png,1
2664.png,1
2665.png,1
2666.png,1
2667.png,1
2668.png,2
2669.png,2
2670.png,2
2671.png,2
2672.png,2
2673.png,2
2674.png,2
2675.png,2
2676.png,2
2677.png,3
2678.png,3
2679.png,3
2680.png,3
2681.png,3
2682.png,3
2683.png,3
2684.png,3
2685.png,3
2686.png,3
2687.png,0
2688.png,0
2689.png,0
2690.png,0
2691.png,0
2692.png,4
2693.png,4
2694.png,4
2695.png,4
2696.png,4
2697.png,4
2698.png,4
2699.png,4
2700.png,4
2701.png,4
2702.png,4
2703.png,1
2704.png,1
2705.png,1
2706.png,1
2707.png,0
2708.png,1
2709.png,3
2710.png,1
2711.png,1
2712.png,1
2713.png,1
2714.png,1
2715.png,1
2716.png,1
2717.png,1
2718.png,2
2719.png,2
2720.png,2
2721.png,1
2722.png,2
2723.png,2
2724.png,2
2725.png,2
2726.png,2
2727.png,2
2728.png,3
2729.png,3
2730.png,2
2731.png,3
2732.png,3
2733.png,3
2734.png,3
2735.png,3
2736.png,3
2737.png,2
2738.png,3
2739.png,3
2740.png,0
2741.png,0
2742.png,0
2743.png,0
2744.png,0
2745.png,0
2746.png,0
2747.png,0
2748.png,4
2749.png,4
2750.png,4
2751.png,4
2752.png,4
2753.png,4
2754.png,4
2755.png,4
2756.png,1
2757.png,1
2758.png,1
2759.png,1
2760.png,1
2761.png,1
2762.png,1
2763.png,1
2764.png,1
2765.png,1
2766.png,1
2767.png,2
2768.png,2
2769.png,2
2770.png,2
2771.png,2
2772.png,2
2773.png,2
2774.png,2
2775.png,2
2776.png,2
2777.png,2
2778.png,2
2779.png,3
2780.png,3
2781.png,3
2782.png,3
2783.png,3
2784.png,3
2785.png,3
2786.png,3
2787.png,3
2788.png,3
2789.png,0
2790.png,0
2791.png,0
2792.png,0
2793.png,0
2794.png,0
2795.png,3
2796.png,0
2797.png,4
2798.png,4
2799.png,4
2800.png,4
2801.png,4
2802.png,4
2803.png,4
2804.png,1
2805.png,1
2806.png,0
2807.png,1
2808.png,1
2809.png,1
2810.png,1
2811.png,1
2812.png,1
2813.png,1
2814.png,2
2815.png,2
2816.png,2
2817.png,2
2818.png,2
2819.png,2
2820.png,2
2821.png,2
2822.png,3
2823.png,3
2824.png,3
2825.png,3
2826.png,3
2827.png,3
2828.png,3
2829.png,3
2830.png,0
2831.png,0
2832.png,0
2833.png,0
2834.png,0
2835.png,0
2836.png,0
2837.png,0
2838.png,0
2839.png,0
2840.png,4
2841.png,4
2842.png,4
2843.png,4
2844.png,4
2845.png,4
2846.png,4
2847.png,4
2848.png,4
2849.png,1
2850.png,1
2851.png,1
2852.png,1
2853.png,1
2854.png,1
2855.png,1
2856.png,1
2857.png,1
2858.png,1
2859.png,1
2860.png,1
2861.png,1
2862.png,2
2863.png,2
2864.png,2
2865.png,2
2866.png,2
2867.png,2
2868.png,2
2869.png,2
2870.png,2
2871.png,2
2872.png,2
2873.png,2
2874.png,2
2875.png,3
2876.png,3
2877.png,3
2878.png,3
2879.png,3
2880.png,3
2881.png,3
2882.png,0
2883.png,0
2884.png,4
2885.png,4
2886.png,4
2887.png,1
2888.png,2
2889.png,2
2890.png,1
2891.png,2
2892.png,3
2893.png,0
2894.png,0
2895.png,0
2896.png,4
2897.png,4
2898.png,4
2899.png,2
2900.png,1
2901.png,1
2902.png,1
2903.png,2
2904.png,2
2905.png,1
2906.png,3
2907.png,3
2908.png,0
2909.png,3
2910.png,3
2911.png,0
2912.png,0
2913.png,0
2914.png,4
2915.png,4
2916.png,4
2917.png,1
2918.png,1
2919.png,1
2920.png,2
2921.png,1
2922.png,2
2923.png,2
2924.png,3
2925.png,3
2926.png,0
2927.png,0
2928.png,0
2929.png,0
2930.png,0
2931.png,0
2932.png,1
2933.png,1
2934.png,4
2935.png,3
2936.png,4
2937.png,4
2938.png,0
2939.png,0
2940.png,4
2941.png,4
2942.png,1
2943.png,1
2944.png,1
2945.png,1
2946.png,1
2947.png,2
2948.png,3
2949.png,3
2950.png,0
2951.png,0
2952.png,4
2953.png,3
2954.png,1
2955.png,2
2956.png,2
2957.png,0
2958.png,0
2959.png,0
2960.png,2
2961.png,2
2962.png,2
2963.png,4
2964.png,4
2965.png,3
2966.png,1
2967.png,0
2968.png,0
2969.png,4
2970.png,4
2971.png,4
2972.png,4
2973.png,1
2974.png,1
2975.png,1
2976.png,0
2977.png,2
2978.png,2
2979.png,2
2980.png,3
2981.png,0
2982.png,1
2983.png,0
2984.png,2
2985.png,4
2986.png,3
2987.png,0
2988.png,4
2989.png,2
2990.png,2
2991.png,2
2992.png,4
2993.png,1
2994.png,0
2995.png,1
2996.png,0
2997.png,0
2998.png,0
2999.png,0
3000.png,0
3001.png,0
3002.png,0
3003.png,4
3004.png,4
3005.png,4
3006.png,4
3007.png,4
3008.png,4
3009.png,4
3010.png,4
3011.png,4
3012.png,1
3013.png,1
3014.png,1
3015.png,1
3016.png,1
3017.png,1
3018.png,1
3019.png,3
3020.png,3
3021.png,3
3022.png,3
3023.png,3
3024.png,3
3025.png,0
3026.png,0
3027.png,0
3028.png,4
3029.png,4
3030.png,0
3031.png,1
3032.png,1
3033.png,2
3034.png,0
3035.png,1
3036.png,0
3037.png,0
3038.png,4
3039.png,1
3040.png,0
3041.png,0
3042.png,0
3043.png,0
3044.png,0
3045.png,4
3046.png,4
3047.png,4
3048.png,4
3049.png,1
3050.png,1
3051.png,1
3052.png,1
3053.png,1
3054.png,2
3055.png,3
3056.png,3
3057.png,4
3058.png,2
3059.png,0
3060.png,1
3061.png,3
3062.png,0
3063.png,1
3064.png,1
3065.png,1
3066.png,4
3067.png,0
3068.png,0
3069.png,0
3070.png,0
3071.png,0
3072.png,0
3073.png,0
3074.png,4
3075.png,4
3076.png,4
3077.png,1
3078.png,2
3079.png,2
3080.png,3
3081.png,3
3082.png,0
3083.png,0
3084.png,4
3085.png,4
3086.png,2
3087.png,0
3088.png,2
3089.png,1
3090.png,1
3091.png,1
3092.png,1
3093.png,2
3094.png,3
3095.png,3
3096.png,0
3097.png,0
3098.png,4
3099.png,0
3100.png,4
3101.png,0
3102.png,1
3103.png,1
3104.png,2
3105.png,2
3106.png,3
3107.png,3
3108.png,3
3109.png,4
3110.png,0
3111.png,0
3112.png,0
3113.png,0
3114.png,1
3115.png,1
3116.png,0
3117.png,1
3118.png,1
3119.png,4
3120.png,1
3121.png,1
3122.png,1
3123.png,1
3124.png,2
3125.png,0
3126.png,2
3127.png,0
3128.png,0
3129.png,2
3130.png,4
3131.png,0
3132.png,4
3133.png,4
3134.png,4
3135.png,1
3136.png,1
3137.png,1
3138.png,1
3139.png,1
3140.png,0
3141.png,2
3142.png,2
3143.png,2
3144.png,2
3145.png,2
3146.png,3
3147.png,2
3148.png,0
3149.png,0
3150.png,0
3151.png,0
3152.png,1
3153.png,3
3154.png,3
3155.png,3
3156.png,3
3157.png,3
3158.png,3
3159.png,0
3160.png,0
3161.png,4
3162.png,0
3163.png,4
3164.png,1
3165.png,1
3166.png,1
3167.png,1
3168.png,2
3169.png,2
3170.png,2
3171.png,2
3172.png,3
3173.png,4
3174.png,0
3175.png,0
3176.png,4
3177.png,3
3178.png,0
3179.png,4
3180.png,0
3181.png,1
3182.png,4
3183.png,4
3184.png,2
3185.png,0
3186.png,3
3187.png,3
3188.png,4
3189.png,0
3190.png,0
3191.png,3
3192.png,3
3193.png,4
3194.png,4
3195.png,1
3196.png,1
3197.png,1
3198.png,1
3199.png,1
3200.png,2
3201.png,2
3202.png,3
3203.png,3
3204.png,3
3205.png,1
3206.png,0
3207.png,4
3208.png,1
3209.png,0
3210.png,1
3211.png,2
3212.png,2
3213.png,1
3214.png,4
3215.png,4
3216.png,3
3217.png,1
3218.png,1
3219.png,1
3220.png,2
3221.png,2
3222.png,2
3223.png,2
3224.png,3
3225.png,3
3226.png,3
3227.png,3
3228.png,0
3229.png,0
3230.png,4
3231.png,4
3232.png,4
3233.png,4
3234.png,1
3235.png,1
3236.png,1
3237.png,0
3238.png,3
3239.png,3
3240.png,0
3241.png,0
3242.png,0
3243.png,0
3244.png,4
3245.png,4
3246.png,4
3247.png,4
3248.png,4
3249.png,2
3250.png,1
3251.png,1
3252.png,2
3253.png,2
3254.png,2
3255.png,3
3256.png,3
3257.png,3
3258.png,3
3259.png,3
3260.png,0
3261.png,0
3262.png,1
3263.png,1
3264.png,1
3265.png,1
3266.png,4
3267.png,1
3268.png,3
3269.png,0
3270.png,0
3271.png,4
3272.png,4
3273.png,4
3274.png,4
3275.png,1
3276.png,1
3277.png,1
3278.png,2
3279.png,2
3280.png,3
3281.png,3
3282.png,0
3283.png,0
3284.png,4
3285.png,0
3286.png,1
3287.png,4
3288.png,1
3289.png,0
3290.png,0
3291.png,0
3292.png,0
3293.png,0
3294.png,1
3295.png,0
3296.png,4
3297.png,4
3298.png,1
3299.png,1
3300.png,1
3301.png,2
3302.png,3
3303.png,3
3304.png,3
3305.png,3
3306.png,3
3307.png,3
3308.png,3
3309.png,0
3310.png,4
3311.png,0
3312.png,2
3313.png,1
3314.png,2
3315.png,2
3316.png,4
3317.png,0
3318.png,3
3319.png,0
3320.png,0
3321.png,2
3322.png,4
3323.png,4
3324.png,4
3325.png,4
3326.png,4
3327.png,1
3328.png,1
3329.png,1
3330.png,2
3331.png,2
3332.png,2
3333.png,2
3334.png,3
3335.png,3
3336.png,0
3337.png,0
3338.png,3
3339.png,1
3340.png,4
3341.png,1
3342.png,2
3343.png,0
3344.png,1
3345.png,1
3346.png,0
3347.png,2
3348.png,2
3349.png,3
3350.png,0
3351.png,0
3352.png,4
3353.png,1
3354.png,1
3355.png,1
3356.png,2
3357.png,2
3358.png,3
3359.png,3
3360.png,3
3361.png,3
3362.png,0
3363.png,4
3364.png,3
3365.png,0
3366.png,2
3367.png,2
3368.png,4
3369.png,1
3370.png,0
3371.png,0
3372.png,4
3373.png,4
3374.png,4
3375.png,4
3376.png,4
3377.png,1
3378.png,1
3379.png,1
3380.png,1
3381.png,2
3382.png,2
3383.png,2
3384.png,3
3385.png,3
3386.png,4
3387.png,0
3388.png,4
3389.png,2
3390.png,2
3391.png,1
3392.png,3
3393.png,4
3394.png,0
3395.png,4
3396.png,4
3397.png,4
3398.png,1
3399.png,1
3400.png,3
3401.png,2
3402.png,0
3403.png,0
3404.png,4
3405.png,4
3406.png,1
3407.png,4
3408.png,1
3409.png,4
3410.png,0
3411.png,0
3412.png,4
3413.png,4
3414.png,4
3415.png,4
3416.png,4
3417.png,4
3418.png,1
3419.png,1
3420.png,1
3421.png,2
3422.png,2
3423.png,2
3424.png,2
3425.png,2
3426.png,3
3427.png,3
3428.png,3
3429.png,4
3430.png,0
3431.png,0
3432.png,1
3433.png,0
3434.png,4
3435.png,4
3436.png,0
3437.png,0
3438.png,2
3439.png,1
3440.png,2
3441.png,0
3442.png,2
3443.png,4
3444.png,4
3445.png,0
3446.png,0
3447.png,4
3448.png,4
3449.png,4
3450.png,1
3451.png,1
3452.png,1
3453.png,1
3454.png,2
3455.png,2
3456.png,2
3457.png,2
3458.png,3
3459.png,3
3460.png,3
3461.png,3
3462.png,3
3463.png,3
3464.png,0
3465.png,0
3466.png,0
3467.png,0
3468.png,4
3469.png,4
3470.png,3
3471.png,1
3472.png,1
3473.png,1
3474.png,1
3475.png,3
3476.png,0
3477.png,0
3478.png,0
3479.png,4
3480.png,4
3481.png,1
3482.png,1
3483.png,1
3484.png,1
3485.png,3
3486.png,3
3487.png,3
3488.png,0
3489.png,0
3490.png,0
3491.png,3
3492.png,3
3493.png,2
3494.png,3
3495.png,1
3496.png,1
3497.png,0
3498.png,3
3499.png,4
